{
    "epoch": {
        "1": {
            "train_loss": 0.259360762569122,
            "train_dice": 0.312069296836853,
            "train_dices_per_class": {
                "finger-1": 0.35746267437934875,
                "finger-2": 0.5627920031547546,
                "finger-3": 0.6801677942276001,
                "finger-4": 0.026751795783638954,
                "finger-5": 0.154976487159729,
                "finger-6": 0.5475482940673828,
                "finger-7": 0.5760607719421387,
                "finger-8": 0.07119961827993393,
                "finger-9": 0.34561866521835327,
                "finger-10": 0.501512348651886,
                "finger-11": 0.5586625337600708,
                "finger-12": 0.0019193131010979414,
                "finger-13": 0.020329367369413376,
                "finger-14": 0.2862681746482849,
                "finger-15": 0.26853781938552856,
                "finger-16": 0.020014557987451553,
                "finger-17": 0.041062988340854645,
                "finger-18": 0.346771240234375,
                "finger-19": 0.5616596937179565
            },
            "train_run_time": 74.18771266937256,
            "valid_loss": 0.09507271088659763,
            "valid_dice": 0.5241846442222595,
            "valid_dices_per_class": {
                "finger-1": 0.6581533551216125,
                "finger-2": 0.7994564771652222,
                "finger-3": 0.8674198389053345,
                "finger-4": 1.0918986248498186e-07,
                "finger-5": 0.6000609397888184,
                "finger-6": 0.8575166463851929,
                "finger-7": 0.8563205599784851,
                "finger-8": 9.481048124371227e-08,
                "finger-9": 0.701018214225769,
                "finger-10": 0.7941293120384216,
                "finger-11": 0.7840660810470581,
                "finger-12": 9.657996713485772e-08,
                "finger-13": 0.07847914099693298,
                "finger-14": 0.6298161149024963,
                "finger-15": 0.5669445991516113,
                "finger-16": 1.389722541489391e-07,
                "finger-17": 0.2743760347366333,
                "finger-18": 0.6816835999488831,
                "finger-19": 0.8100665807723999
            },
            "valid_run_time": 13.854332208633423
        },
        "2": {
            "train_loss": 0.058707547269295904,
            "train_dice": 0.669078528881073,
            "train_dices_per_class": {
                "finger-1": 0.6986420750617981,
                "finger-2": 0.8633086085319519,
                "finger-3": 0.9113255739212036,
                "finger-4": 0.09221996366977692,
                "finger-5": 0.7532397508621216,
                "finger-6": 0.8995250463485718,
                "finger-7": 0.9153467416763306,
                "finger-8": 0.27803176641464233,
                "finger-9": 0.7649926543235779,
                "finger-10": 0.8940173983573914,
                "finger-11": 0.9035053253173828,
                "finger-12": 0.0781002789735794,
                "finger-13": 0.5698686242103577,
                "finger-14": 0.8429201245307922,
                "finger-15": 0.8460322618484497,
                "finger-16": 0.07733774930238724,
                "finger-17": 0.6106780171394348,
                "finger-18": 0.8182879686355591,
                "finger-19": 0.8951123952865601
            },
            "train_run_time": 73.83971190452576,
            "valid_loss": 0.03835089365020394,
            "valid_dice": 0.8451734781265259,
            "valid_dices_per_class": {
                "finger-1": 0.8334993124008179,
                "finger-2": 0.9138080477714539,
                "finger-3": 0.9365045428276062,
                "finger-4": 0.5862723588943481,
                "finger-5": 0.8895660638809204,
                "finger-6": 0.9411298632621765,
                "finger-7": 0.9387224912643433,
                "finger-8": 0.7516809701919556,
                "finger-9": 0.8851415514945984,
                "finger-10": 0.9374880790710449,
                "finger-11": 0.9444848299026489,
                "finger-12": 0.549911618232727,
                "finger-13": 0.8734472990036011,
                "finger-14": 0.935096263885498,
                "finger-15": 0.9362156987190247,
                "finger-16": 0.5384151935577393,
                "finger-17": 0.8438917398452759,
                "finger-18": 0.8964271545410156,
                "finger-19": 0.9265943765640259
            },
            "valid_run_time": 13.865710258483887
        },
        "3": {
            "train_loss": 0.0284725462726783,
            "train_dice": 0.8831660747528076,
            "train_dices_per_class": {
                "finger-1": 0.8663769960403442,
                "finger-2": 0.9302251935005188,
                "finger-3": 0.9468479156494141,
                "finger-4": 0.7470670938491821,
                "finger-5": 0.907314121723175,
                "finger-6": 0.9518033862113953,
                "finger-7": 0.947675347328186,
                "finger-8": 0.7566720247268677,
                "finger-9": 0.9071468114852905,
                "finger-10": 0.9516113996505737,
                "finger-11": 0.9517980813980103,
                "finger-12": 0.7144493460655212,
                "finger-13": 0.9010871052742004,
                "finger-14": 0.9397592544555664,
                "finger-15": 0.9429790377616882,
                "finger-16": 0.7068470120429993,
                "finger-17": 0.8558793067932129,
                "finger-18": 0.9159241914749146,
                "finger-19": 0.9386909604072571
            },
            "train_run_time": 73.65007996559143,
            "valid_loss": 0.022417508368380367,
            "valid_dice": 0.9277761578559875,
            "valid_dices_per_class": {
                "finger-1": 0.9099019169807434,
                "finger-2": 0.9501339197158813,
                "finger-3": 0.9566068649291992,
                "finger-4": 0.8827579617500305,
                "finger-5": 0.9350727796554565,
                "finger-6": 0.965792179107666,
                "finger-7": 0.9578434228897095,
                "finger-8": 0.8694628477096558,
                "finger-9": 0.9458239674568176,
                "finger-10": 0.9644914865493774,
                "finger-11": 0.9575122594833374,
                "finger-12": 0.8572736978530884,
                "finger-13": 0.9337420463562012,
                "finger-14": 0.9579704403877258,
                "finger-15": 0.9538804888725281,
                "finger-16": 0.8404672741889954,
                "finger-17": 0.8966606855392456,
                "finger-18": 0.9408302307128906,
                "finger-19": 0.9515240788459778
            },
            "valid_run_time": 13.401556015014648
        }
    }
}