{
    "epoch": {
        "1": {
            "train_loss": 0.2599775591632351,
            "train_dice": 0.29939430952072144,
            "train_dices_per_class": {
                "finger-1": 0.33026301860809326,
                "finger-2": 0.5697456002235413,
                "finger-3": 0.6823722720146179,
                "finger-4": 0.023163624107837677,
                "finger-5": 0.07562390714883804,
                "finger-6": 0.4979950487613678,
                "finger-7": 0.558758020401001,
                "finger-8": 0.033585406839847565,
                "finger-9": 0.2932230830192566,
                "finger-10": 0.49350982904434204,
                "finger-11": 0.5901297330856323,
                "finger-12": 0.004836489446461201,
                "finger-13": 0.01919921673834324,
                "finger-14": 0.18130925297737122,
                "finger-15": 0.3432402014732361,
                "finger-16": 0.015537460334599018,
                "finger-17": 0.018442023545503616,
                "finger-18": 0.3578742444515228,
                "finger-19": 0.5996836423873901
            },
            "train_run_time": 73.97587990760803,
            "valid_loss": 0.09481672067195177,
            "valid_dice": 0.4969969689846039,
            "valid_dices_per_class": {
                "finger-1": 0.6433753967285156,
                "finger-2": 0.7947462797164917,
                "finger-3": 0.8549131155014038,
                "finger-4": 1.0998773802839423e-07,
                "finger-5": 0.41357287764549255,
                "finger-6": 0.8416109085083008,
                "finger-7": 0.8741497993469238,
                "finger-8": 9.499589026518152e-08,
                "finger-9": 0.6515014171600342,
                "finger-10": 0.8360612988471985,
                "finger-11": 0.7890915870666504,
                "finger-12": 9.668875833312995e-08,
                "finger-13": 0.04548109322786331,
                "finger-14": 0.5638226270675659,
                "finger-15": 0.6131186485290527,
                "finger-16": 1.4086189992212894e-07,
                "finger-17": 0.10331477969884872,
                "finger-18": 0.6304033994674683,
                "finger-19": 0.7877791523933411
            },
            "valid_run_time": 13.5325026512146
        }
    }
}