{
    "epoch": {
        "1": {
            "train_loss": 0.11528100745636038,
            "train_dice": 0.9361844658851624,
            "train_dices_per_class": {
                "Radius": 0.9546254277229309,
                "Ulna": 0.9177435040473938
            },
            "train_run_time": 66.17840003967285,
            "valid_loss": 0.02960746956523508,
            "valid_dice": 0.9865380525588989,
            "valid_dices_per_class": {
                "Radius": 0.9872212409973145,
                "Ulna": 0.9858548045158386
            },
            "valid_run_time": 6.743613958358765
        },
        "2": {
            "train_loss": 0.028216618538135663,
            "train_dice": 0.9852105975151062,
            "train_dices_per_class": {
                "Radius": 0.9854652285575867,
                "Ulna": 0.9849559664726257
            },
            "train_run_time": 65.68182849884033,
            "valid_loss": 0.019941786443814634,
            "valid_dice": 0.9885531663894653,
            "valid_dices_per_class": {
                "Radius": 0.9892962574958801,
                "Ulna": 0.9878101348876953
            },
            "valid_run_time": 6.729931831359863
        },
        "3": {
            "train_loss": 0.02256282867747359,
            "train_dice": 0.986586332321167,
            "train_dices_per_class": {
                "Radius": 0.9871402978897095,
                "Ulna": 0.9860323071479797
            },
            "train_run_time": 65.8485918045044,
            "valid_loss": 0.01630954530555755,
            "valid_dice": 0.9890681505203247,
            "valid_dices_per_class": {
                "Radius": 0.9898092150688171,
                "Ulna": 0.9883270263671875
            },
            "valid_run_time": 6.794989585876465
        },
        "4": {
            "train_loss": 0.019504448547377252,
            "train_dice": 0.9873582124710083,
            "train_dices_per_class": {
                "Radius": 0.9880613088607788,
                "Ulna": 0.986655056476593
            },
            "train_run_time": 65.77926635742188,
            "valid_loss": 0.016778875282034277,
            "valid_dice": 0.988280177116394,
            "valid_dices_per_class": {
                "Radius": 0.9891893267631531,
                "Ulna": 0.9873710870742798
            },
            "valid_run_time": 6.747462511062622
        },
        "5": {
            "train_loss": 0.018266675338963978,
            "train_dice": 0.9875521659851074,
            "train_dices_per_class": {
                "Radius": 0.9882739782333374,
                "Ulna": 0.9868303537368774
            },
            "train_run_time": 65.74542355537415,
            "valid_loss": 0.01360639821505174,
            "valid_dice": 0.9893920421600342,
            "valid_dices_per_class": {
                "Radius": 0.9900752902030945,
                "Ulna": 0.9887087941169739
            },
            "valid_run_time": 6.750585079193115
        },
        "6": {
            "train_loss": 0.016795435067615473,
            "train_dice": 0.9879997968673706,
            "train_dices_per_class": {
                "Radius": 0.9887237548828125,
                "Ulna": 0.9872757792472839
            },
            "train_run_time": 65.79058408737183,
            "valid_loss": 0.012417865183670074,
            "valid_dice": 0.9897171854972839,
            "valid_dices_per_class": {
                "Radius": 0.9905189275741577,
                "Ulna": 0.9889154434204102
            },
            "valid_run_time": 6.759237766265869
        },
        "7": {
            "train_loss": 0.017277643588022328,
            "train_dice": 0.9870587587356567,
            "train_dices_per_class": {
                "Radius": 0.9878915548324585,
                "Ulna": 0.9862259030342102
            },
            "train_run_time": 65.87054562568665,
            "valid_loss": 0.014529041026253253,
            "valid_dice": 0.9870885610580444,
            "valid_dices_per_class": {
                "Radius": 0.9885730743408203,
                "Ulna": 0.9856041073799133
            },
            "valid_run_time": 6.770864963531494
        },
        "8": {
            "train_loss": 0.01619686780322809,
            "train_dice": 0.9878641366958618,
            "train_dices_per_class": {
                "Radius": 0.988715648651123,
                "Ulna": 0.9870126843452454
            },
            "train_run_time": 65.90771770477295,
            "valid_loss": 0.011737413087394089,
            "valid_dice": 0.9897431135177612,
            "valid_dices_per_class": {
                "Radius": 0.9906697273254395,
                "Ulna": 0.9888164401054382
            },
            "valid_run_time": 6.858185291290283
        },
        "9": {
            "train_loss": 0.014691185066476464,
            "train_dice": 0.9883482456207275,
            "train_dices_per_class": {
                "Radius": 0.9891411662101746,
                "Ulna": 0.9875553846359253
            },
            "train_run_time": 66.32634210586548,
            "valid_loss": 0.011536443955264986,
            "valid_dice": 0.9896600246429443,
            "valid_dices_per_class": {
                "Radius": 0.9908488392829895,
                "Ulna": 0.9884712100028992
            },
            "valid_run_time": 6.820696830749512
        },
        "10": {
            "train_loss": 0.014224114929675125,
            "train_dice": 0.9884348511695862,
            "train_dices_per_class": {
                "Radius": 0.9892480969429016,
                "Ulna": 0.9876216053962708
            },
            "train_run_time": 65.89032316207886,
            "valid_loss": 0.011180765298195183,
            "valid_dice": 0.989663302898407,
            "valid_dices_per_class": {
                "Radius": 0.9906387329101562,
                "Ulna": 0.9886878728866577
            },
            "valid_run_time": 6.844890832901001
        },
        "11": {
            "train_loss": 0.012784675152215642,
            "train_dice": 0.9886036515235901,
            "train_dices_per_class": {
                "Radius": 0.9894347190856934,
                "Ulna": 0.9877725839614868
            },
            "train_run_time": 65.91704058647156,
            "valid_loss": 0.010784794081700966,
            "valid_dice": 0.9898581504821777,
            "valid_dices_per_class": {
                "Radius": 0.9905217885971069,
                "Ulna": 0.9891945123672485
            },
            "valid_run_time": 6.792912244796753
        },
        "12": {
            "train_loss": 0.014031057491956744,
            "train_dice": 0.9885292053222656,
            "train_dices_per_class": {
                "Radius": 0.9893291592597961,
                "Ulna": 0.9877291917800903
            },
            "train_run_time": 66.03526020050049,
            "valid_loss": 0.011105221416801214,
            "valid_dice": 0.9895941019058228,
            "valid_dices_per_class": {
                "Radius": 0.990402340888977,
                "Ulna": 0.9887859225273132
            },
            "valid_run_time": 6.798335075378418
        },
        "13": {
            "train_loss": 0.013398306477756704,
            "train_dice": 0.9883314967155457,
            "train_dices_per_class": {
                "Radius": 0.9890416860580444,
                "Ulna": 0.9876213073730469
            },
            "train_run_time": 65.85600852966309,
            "valid_loss": 0.011653989407932386,
            "valid_dice": 0.9893026351928711,
            "valid_dices_per_class": {
                "Radius": 0.9902786016464233,
                "Ulna": 0.9883266687393188
            },
            "valid_run_time": 6.774756193161011
        },
        "14": {
            "train_loss": 0.01452862155274488,
            "train_dice": 0.9883466958999634,
            "train_dices_per_class": {
                "Radius": 0.9890977740287781,