{
    "epoch": {
        "1": {
            "train_loss": 0.298585989815183,
            "train_dice": 0.6976833343505859,
            "train_dices_per_class": {
                "Trapezium": 0.7091913819313049,
                "Trapezoid": 0.4954661726951599,
                "Capitate": 0.7960759997367859,
                "Hamate": 0.7674805521965027,
                "Scaphoid": 0.7820256352424622,
                "Lunate": 0.712117075920105,
                "Triquetrum": 0.6582477688789368,
                "Pisiform": 0.6608617305755615
            },
            "train_run_time": 80.40209770202637,
            "valid_loss": 0.10900618517771363,
            "valid_dice": 0.8928248882293701,
            "valid_dices_per_class": {
                "Trapezium": 0.919287383556366,
                "Trapezoid": 0.8206993937492371,
                "Capitate": 0.9368211627006531,
                "Hamate": 0.9256120920181274,
                "Scaphoid": 0.9336611032485962,
                "Lunate": 0.9197776913642883,
                "Triquetrum": 0.9105242490768433,
                "Pisiform": 0.7762160301208496
            },
            "valid_run_time": 9.139138460159302
        },
        "2": {
            "train_loss": 0.07554901002440602,
            "train_dice": 0.9086176156997681,
            "train_dices_per_class": {
                "Trapezium": 0.9231473207473755,
                "Trapezoid": 0.8791858553886414,
                "Capitate": 0.9408313035964966,
                "Hamate": 0.9293314218521118,
                "Scaphoid": 0.9418131113052368,
                "Lunate": 0.9305887222290039,
                "Triquetrum": 0.9144738912582397,
                "Pisiform": 0.8095695376396179
            },
            "train_run_time": 80.22553825378418,
            "valid_loss": 0.05450950004160404,
            "valid_dice": 0.9291316866874695,
            "valid_dices_per_class": {
                "Trapezium": 0.9371083974838257,
                "Trapezoid": 0.8969900012016296,
                "Capitate": 0.9508811235427856,
                "Hamate": 0.9399659037590027,
                "Scaphoid": 0.9591678380966187,
                "Lunate": 0.9438140988349915,
                "Triquetrum": 0.9359226226806641,
                "Pisiform": 0.8692033886909485
            },
            "valid_run_time": 9.08149528503418
        },
        "3": {
            "train_loss": 0.045103650644887236,
            "train_dice": 0.9289554953575134,
            "train_dices_per_class": {
                "Trapezium": 0.9350019693374634,
                "Trapezoid": 0.8999854922294617,
                "Capitate": 0.9496944546699524,
                "Hamate": 0.9401192665100098,
                "Scaphoid": 0.9537023305892944,
                "Lunate": 0.9451505541801453,
                "Triquetrum": 0.9353965520858765,
                "Pisiform": 0.8725935220718384
            },
            "train_run_time": 79.93742036819458,
            "valid_loss": 0.037302651721984145,
            "valid_dice": 0.9368442893028259,
            "valid_dices_per_class": {
                "Trapezium": 0.9395086169242859,
                "Trapezoid": 0.908629298210144,
                "Capitate": 0.9594157338142395,
                "Hamate": 0.9372118711471558,
                "Scaphoid": 0.9595848321914673,
                "Lunate": 0.9504968523979187,
                "Triquetrum": 0.9460237622261047,
                "Pisiform": 0.8938837051391602
            },
            "valid_run_time": 9.320014715194702
        },
        "4": {
            "train_loss": 0.03360332367592491,
            "train_dice": 0.9350160360336304,
            "train_dices_per_class": {
                "Trapezium": 0.9392459988594055,
                "Trapezoid": 0.9036493301391602,
                "Capitate": 0.9554780721664429,
                "Hamate": 0.9443315267562866,
                "Scaphoid": 0.9586191177368164,
                "Lunate": 0.9484761357307434,
                "Triquetrum": 0.942252516746521,
                "Pisiform": 0.8880752325057983
            },
            "train_run_time": 80.66663932800293,
            "valid_loss": 0.029548850585706533,
            "valid_dice": 0.943975567817688,
            "valid_dices_per_class": {
                "Trapezium": 0.9471777677536011,
                "Trapezoid": 0.9170536994934082,
                "Capitate": 0.962723433971405,
                "Hamate": 0.9472467303276062,
                "Scaphoid": 0.9658082127571106,
                "Lunate": 0.953669548034668,
                "Triquetrum": 0.950819194316864,
                "Pisiform": 0.9073061943054199
            },
            "valid_run_time": 9.194981098175049
        }
    }
}