{
    "epoch": {
        "1": {
            "train_loss": 0.2693683737888932,
            "train_dice": 0.7355067729949951,
            "train_dices_per_class": {
                "Trapezium": 0.752801239490509,
                "Trapezoid": 0.5317261815071106,
                "Capitate": 0.8385800123214722,
                "Hamate": 0.8020323514938354,
                "Scaphoid": 0.8112739324569702,
                "Lunate": 0.7347394227981567,
                "Triquetrum": 0.7006222009658813,
                "Pisiform": 0.7122790813446045
            },
            "train_run_time": 67.6120011806488,
            "valid_loss": 0.09368636207655072,
            "valid_dice": 0.9015052914619446,
            "valid_dices_per_class": {
                "Trapezium": 0.9148588180541992,
                "Trapezoid": 0.8449939489364624,
                "Capitate": 0.9401454925537109,
                "Hamate": 0.928676426410675,
                "Scaphoid": 0.9405506253242493,
                "Lunate": 0.9273065328598022,
                "Triquetrum": 0.9168105125427246,
                "Pisiform": 0.7986999750137329
            },
            "valid_run_time": 7.294094800949097
        }
    }
}