{
    "epoch": {
        "1": {
            "train_loss": 0.11732044379459694,
            "train_dice": 0.9384918212890625,
            "train_dices_per_class": {
                "Radius": 0.9527875185012817,
                "Ulna": 0.9241961240768433
            },
            "train_run_time": 78.7067518234253,
            "valid_loss": 0.0360217873705551,
            "valid_dice": 0.9846668243408203,
            "valid_dices_per_class": {
                "Radius": 0.9850088953971863,
                "Ulna": 0.9843247532844543
            },
            "valid_run_time": 8.492631435394287
        },
        "2": {
            "train_loss": 0.033294757129624486,
            "train_dice": 0.9838830828666687,
            "train_dices_per_class": {
                "Radius": 0.9842453002929688,
                "Ulna": 0.9835208654403687
            },
            "train_run_time": 77.72376680374146,
            "valid_loss": 0.023276011133566497,
            "valid_dice": 0.9869320392608643,
            "valid_dices_per_class": {
                "Radius": 0.9869941473007202,
                "Ulna": 0.9868699908256531
            },
            "valid_run_time": 8.592823028564453
        },
        "3": {
            "train_loss": 0.02510974514298141,
            "train_dice": 0.9860202074050903,
            "train_dices_per_class": {
                "Radius": 0.9862270355224609,
                "Ulna": 0.9858134388923645
            },
            "train_run_time": 78.45733118057251,
            "valid_loss": 0.01899925941834226,
            "valid_dice": 0.9878618121147156,
            "valid_dices_per_class": {
                "Radius": 0.9875962138175964,
                "Ulna": 0.9881274104118347
            },
            "valid_run_time": 8.581836223602295
        },
        "4": {
            "train_loss": 0.02171135378011968,
            "train_dice": 0.9865029454231262,
            "train_dices_per_class": {
                "Radius": 0.9869030117988586,
                "Ulna": 0.9861028790473938
            },
            "train_run_time": 77.78097629547119,
            "valid_loss": 0.017153637763112784,
            "valid_dice": 0.9877783060073853,
            "valid_dices_per_class": {
                "Radius": 0.9884311556816101,
                "Ulna": 0.9871253967285156
            },
            "valid_run_time": 8.485163688659668
        },
        "5": {
            "train_loss": 0.01976464791514445,
            "train_dice": 0.9869081974029541,
            "train_dices_per_class": {
                "Radius": 0.9873865246772766,
                "Ulna": 0.9864298105239868
            },
            "train_run_time": 77.71492838859558,
            "valid_loss": 0.014211356348823756,
            "valid_dice": 0.9889827370643616,
            "valid_dices_per_class": {
                "Radius": 0.9897029995918274,
                "Ulna": 0.9882624745368958
            },
            "valid_run_time": 8.489620208740234
        },
        "6": {
            "train_loss": 0.018521469397819602,
            "train_dice": 0.9872562885284424,
            "train_dices_per_class": {
                "Radius": 0.987750232219696,
                "Ulna": 0.9867624044418335
            },
            "train_run_time": 77.98864698410034,
            "valid_loss": 0.012824368244037033,
            "valid_dice": 0.9894075393676758,
            "valid_dices_per_class": {
                "Radius": 0.9901199340820312,
                "Ulna": 0.9886951446533203
            },
            "valid_run_time": 8.477131605148315
        },
        "7": {
            "train_loss": 0.01776165971241426,
            "train_dice": 0.9874431490898132,
            "train_dices_per_class": {
                "Radius": 0.9880361557006836,
                "Ulna": 0.9868501424789429
            },
            "train_run_time": 77.86132717132568,
            "valid_loss": 0.012700930889695882,
            "valid_dice": 0.9893951416015625,
            "valid_dices_per_class": {
                "Radius": 0.9900638461112976,
                "Ulna": 0.9887264966964722
            },
            "valid_run_time": 8.478921175003052
        },
        "8": {
            "train_loss": 0.0185612925037276,
            "train_dice": 0.9866580367088318,
            "train_dices_per_class": {
                "Radius": 0.9874884486198425,
                "Ulna": 0.985827624797821
            },
            "train_run_time": 78.29274272918701,
            "valid_loss": 0.01252086526947096,
            "valid_dice": 0.9890090227127075,
            "valid_dices_per_class": {
                "Radius": 0.9898846745491028,
                "Ulna": 0.988133430480957
            },
            "valid_run_time": 8.535235404968262
        },
        "9": {
            "train_loss": 0.017005738776060753,
            "train_dice": 0.9874507188796997,
            "train_dices_per_class": {
                "Radius": 0.9878889918327332,
                "Ulna": 0.987012505531311
            },
            "train_run_time": 78.36089658737183,
            "valid_loss": 0.01179874677909538,
            "valid_dice": 0.9895355701446533,
            "valid_dices_per_class": {
                "Radius": 0.9904569387435913,
                "Ulna": 0.9886142015457153
            },
            "valid_run_time": 8.536234140396118
        },
        "10": {
            "train_loss": 0.016120021062670277,
            "train_dice": 0.9878551959991455,
            "train_dices_per_class": {
                "Radius": 0.9885175824165344,
                "Ulna": 0.9871927499771118
            },
            "train_run_time": 77.89713478088379,
            "valid_loss": 0.011505510087590664,
            "valid_dice": 0.9896926879882812,
            "valid_dices_per_class": {
                "Radius": 0.990544319152832,
                "Ulna": 0.9888410568237305
            },
            "valid_run_time": 8.476354837417603
        },
        "11": {
            "train_loss": 0.01576083511172328,
            "train_dice": 0.987804651260376,
            "train_dices_per_class": {
                "Radius": 0.9885896444320679,
                "Ulna": 0.9870197176933289
            },
            "train_run_time": 78.01365661621094,
            "valid_loss": 0.011275406286586076,
            "valid_dice": 0.9896678328514099,
            "valid_dices_per_class": {
                "Radius": 0.9903518557548523,
                "Ulna": 0.9889838099479675
            },
            "valid_run_time": 8.51339054107666
        },
        "12": {
            "train_loss": 0.01563407866342459,
            "train_dice": 0.9880727529525757,
            "train_dices_per_class": {
                "Radius": 0.9887693524360657,
                "Ulna": 0.9873762130737305
            },
            "train_run_time": 77.90646886825562,
            "valid_loss": 0.01119934938615188,
            "valid_dice": 0.9897910356521606,
            "valid_dices_per_class": {
                "Radius": 0.990658164024353,
                "Ulna": 0.9889239072799683
            },
            "valid_run_time": 8.464431047439575
        },
        "13": {
            "train_loss": 0.015620393372955732,
            "train_dice": 0.9879662990570068,
            "train_dices_per_class": {
                "Radius": 0.9888001680374146,
                "Ulna": 0.9871324300765991
            },
            "train_run_time": 78.14730405807495,
            "valid_loss": 0.011333385342732072,
            "valid_dice": 0.989626407623291,
            "valid_dices_per_class": {
                "Radius": 0.9903284311294556,
                "Ulna": 0.9889243841171265
            },
            "valid_run_time": 8.643876075744629
        },
        "14": {
            "train_loss": 0.015101079194573685,
            "train_dice": 0.9881795644760132,
            "train_dices_per_class": {
                "Radius": 0.9889280200004578,