name,max_train_dice,max_valid_dice,Time
upernet-convnext-xlarge_crop_arm_transform_1_img_800,0.9908136129379272,0.9905129671096802,2.291939611964755
upernet-convnext-small_crop_arm_transform_1,0.9889111518859863,0.9903478622436523,0.40430674109194004
upernet-convnext-xlarge_crop_finger_transform_1_img_800,0.980718195438385,0.9795079231262207,4.798738849229283
upernet-convnext-small_crop_finger_transform_1,0.9777817130088806,0.9775462746620178,0.9755786675877041
upernet-convnext-xlarge_crop_backhand_transform_1,0.9765670299530029,0.9520207643508911,0.9901066405905617
upernet-convnext-small_crop_backhand_transform_1,0.966835081577301,0.9501746892929077,0.4214307621452544
upernet-convnext-small_crop_backhand_transform_2,0.9673163294792175,0.9492897391319275,0.42161739620897504
upernet-convnext-small_crop_backhand_transform_0,0.9723387956619263,0.9484096765518188,0.42106525328424244
