{
    "epoch": {
        "1": {
            "train_loss": -142.19692440032958,
            "train_dice": 1.7762556076049805,
            "train_dices_per_class": {
                "finger-1": 1.8898284435272217,
                "finger-2": 1.7994415760040283,
                "finger-3": 1.9327497482299805,
                "finger-4": 1.6382383108139038,
                "finger-5": 1.4720051288604736,
                "finger-6": 1.9397556781768799,
                "finger-7": 1.5779368877410889,
                "finger-8": 1.7251793146133423,
                "finger-9": 1.790594458580017,
                "finger-10": 1.9394168853759766,
                "finger-11": 1.8679351806640625,
                "finger-12": 1.913209319114685,
                "finger-13": 1.5845532417297363,
                "finger-14": 1.928382158279419,
                "finger-15": 1.7273051738739014,
                "finger-16": 1.6152942180633545,
                "finger-17": 1.8792517185211182,
                "finger-18": 1.8388278484344482,
                "finger-19": 1.9217555522918701,
                "Trapezium": 1.5277724266052246,
                "Trapezoid": 1.3070188760757446,
                "Capitate": 1.7322924137115479,
                "Hamate": 1.9040600061416626,
                "Scaphoid": 1.9713577032089233,
                "Lunate": 1.7494618892669678,
                "Triquetrum": 1.8937793970108032,
                "Pisiform": 1.741570234298706,
                "Radius": 1.8998123407363892,
                "Ulna": 1.8026278018951416
            },
            "valid_loss": -299.9657974243164,
            "valid_dice": 1.9921553134918213,
            "valid_dices_per_class": {
                "finger-1": 1.9921725988388062,
                "finger-2": 1.9921563863754272,
                "finger-3": 1.9921363592147827,
                "finger-4": 1.992178201675415,
                "finger-5": 1.9921691417694092,
                "finger-6": 1.9921468496322632,
                "finger-7": 1.9921205043792725,
                "finger-8": 1.9921766519546509,
                "finger-9": 1.9921642541885376,
                "finger-10": 1.9921420812606812,
                "finger-11": 1.99212646484375,
                "finger-12": 1.9921766519546509,
                "finger-13": 1.9921668767929077,
                "finger-14": 1.9921491146087646,
                "finger-15": 1.9921423196792603,
                "finger-16": 1.9921801090240479,
                "finger-17": 1.9921754598617554,
                "finger-18": 1.9921605587005615,
                "finger-19": 1.9921411275863647,
                "Trapezium": 1.992169737815857,
                "Trapezoid": 1.9921766519546509,
                "Capitate": 1.9921581745147705,
                "Hamate": 1.99216628074646,
                "Scaphoid": 1.9921674728393555,
                "Lunate": 1.9921715259552002,
                "Triquetrum": 1.9921737909317017,
                "Pisiform": 1.9921791553497314,
                "Radius": 1.9920421838760376,
                "Ulna": 1.9921115636825562
            }
        }
    }
}