name,max_train_dice,max_valid_dice,Time
upernet-convnext-small_crop_arm_img_size_1024,0.9865316152572632,0.988545298576355,0.14876412431399028
cont_crop_finger_img_size_1024,0.9802005290985107,0.9787636995315552,1.6752532302008736
upernet-convnext-small_crop_finger_img_size_1024,0.9782692790031433,0.9782119393348694,1.6693896041313805
upernet-convnext-small_crop_backhand,0.9725978970527649,0.9480654001235962,0.41710677683353414
