{
    "epoch": {
        "1": {
            "train_loss": 0.2651774193625897,
            "train_dice": 0.720970869064331,
            "train_dices_per_class": {
                "Trapezium": 0.7124185562133789,
                "Trapezoid": 0.6371992826461792,
                "Capitate": 0.7866875529289246,
                "Hamate": 0.7313636541366577,
                "Scaphoid": 0.7405398488044739,
                "Lunate": 0.7716197967529297,
                "Triquetrum": 0.7664133310317993,
                "Pisiform": 0.621525228023529
            },
            "train_run_time": 49.4458646774292,
            "valid_loss": 0.09947720682248473,
            "valid_dice": 0.8933253884315491,
            "valid_dices_per_class": {
                "Trapezium": 0.8921602368354797,
                "Trapezoid": 0.8559075593948364,
                "Capitate": 0.9360868334770203,
                "Hamate": 0.9129498600959778,
                "Scaphoid": 0.9344695806503296,
                "Lunate": 0.9167681932449341,
                "Triquetrum": 0.8897722363471985,
                "Pisiform": 0.8084883689880371
            },
            "valid_run_time": 5.565715551376343
        },
        "2": {
            "train_loss": 0.07162359018111601,
            "train_dice": 0.9032058119773865,
            "train_dices_per_class": {
                "Trapezium": 0.9132687449455261,
                "Trapezoid": 0.8760086297988892,
                "Capitate": 0.9393219947814941,
                "Hamate": 0.916157603263855,
                "Scaphoid": 0.93207848072052,
                "Lunate": 0.9202569723129272,
                "Triquetrum": 0.8953924179077148,
                "Pisiform": 0.8331617116928101
            },
            "train_run_time": 48.745474338531494,
            "valid_loss": 0.048136766301468015,
            "valid_dice": 0.9217453002929688,
            "valid_dices_per_class": {
                "Trapezium": 0.9279779195785522,
                "Trapezoid": 0.8939235806465149,
                "Capitate": 0.9507538080215454,
                "Hamate": 0.9340137243270874,
                "Scaphoid": 0.9482819437980652,
                "Lunate": 0.9398310780525208,
                "Triquetrum": 0.9222133755683899,
                "Pisiform": 0.8569666743278503
            },
            "valid_run_time": 5.624648094177246
        },
        "3": {
            "train_loss": 0.04301992194377817,
            "train_dice": 0.9239917397499084,
            "train_dices_per_class": {
                "Trapezium": 0.9309285283088684,
                "Trapezoid": 0.8947820663452148,
                "Capitate": 0.9496736526489258,
                "Hamate": 0.9322063326835632,
                "Scaphoid": 0.9483137130737305,
                "Lunate": 0.9368818998336792,
                "Triquetrum": 0.9259408116340637,
                "Pisiform": 0.8732067942619324
            },
            "train_run_time": 48.817394495010376,
            "valid_loss": 0.034961243416182695,
            "valid_dice": 0.933081865310669,
            "valid_dices_per_class": {
                "Trapezium": 0.9389742016792297,
                "Trapezoid": 0.9039402008056641,
                "Capitate": 0.9572991132736206,
                "Hamate": 0.9447661638259888,
                "Scaphoid": 0.9605616331100464,
                "Lunate": 0.9489011764526367,
                "Triquetrum": 0.9366868734359741,
                "Pisiform": 0.8735257983207703
            },
            "valid_run_time": 5.566422700881958
        },
        "4": {
            "train_loss": 0.031839901546481995,
            "train_dice": 0.9339664578437805,
            "train_dices_per_class": {
                "Trapezium": 0.9395227432250977,
                "Trapezoid": 0.9059449434280396,
                "Capitate": 0.9568555951118469,
                "Hamate": 0.9401434063911438,
                "Scaphoid": 0.9564094543457031,
                "Lunate": 0.9457923769950867,
                "Triquetrum": 0.9374281167984009,
                "Pisiform": 0.8896349668502808
            },
            "train_run_time": 49.11191415786743,
            "valid_loss": 0.026611552899703385,
            "valid_dice": 0.9389403462409973,
            "valid_dices_per_class": {
                "Trapezium": 0.9427083134651184,
                "Trapezoid": 0.9082090258598328,
                "Capitate": 0.9611930847167969,
                "Hamate": 0.9459223747253418,
                "Scaphoid": 0.9630745053291321,
                "Lunate": 0.9552092552185059,
                "Triquetrum": 0.9450443983078003,
                "Pisiform": 0.8901615142822266
            },
            "valid_run_time": 5.596353530883789
        },
        "5": {
            "train_loss": 0.026291075168410317,
            "train_dice": 0.9388230443000793,
            "train_dices_per_class": {
                "Trapezium": 0.9428356289863586,
                "Trapezoid": 0.9103628396987915,
                "Capitate": 0.9599219560623169,
                "Hamate": 0.944261372089386,
                "Scaphoid": 0.9610221982002258,
                "Lunate": 0.9508306384086609,
                "Triquetrum": 0.9441924095153809,
                "Pisiform": 0.8971577882766724
            },
            "train_run_time": 48.82567238807678,
            "valid_loss": 0.022903464431874455,
            "valid_dice": 0.9432271718978882,
            "valid_dices_per_class": {
                "Trapezium": 0.9465669393539429,
                "Trapezoid": 0.9153091311454773,
                "Capitate": 0.9643988609313965,
                "Hamate": 0.9498936533927917,
                "Scaphoid": 0.9676713943481445,
                "Lunate": 0.9571385383605957,
                "Triquetrum": 0.9461075067520142,
                "Pisiform": 0.8987313508987427
            },
            "valid_run_time": 5.558820009231567
        },
        "6": {
            "train_loss": 0.023009872488910333,
            "train_dice": 0.9416751861572266,
            "train_dices_per_class": {
                "Trapezium": 0.9458435773849487,
                "Trapezoid": 0.914368748664856,
                "Capitate": 0.9614154696464539,
                "Hamate": 0.9467954635620117,
                "Scaphoid": 0.9627512097358704,
                "Lunate": 0.9538302421569824,
                "Triquetrum": 0.947104275226593,
                "Pisiform": 0.9012924432754517
            },
            "train_run_time": 49.00053548812866,
            "valid_loss": 0.020272945612668992,
            "valid_dice": 0.9443089962005615,
            "valid_dices_per_class": {
                "Trapezium": 0.9461563229560852,
                "Trapezoid": 0.9136994481086731,
                "Capitate": 0.9652568101882935,
                "Hamate": 0.9521721005439758,
                "Scaphoid": 0.9674328565597534,
                "Lunate": 0.9590855836868286,
                "Triquetrum": 0.9487886428833008,
                "Pisiform": 0.901880145072937
            },
            "valid_run_time": 5.58772349357605
        },
        "7": {
            "train_loss": 0.020936079780221918,
            "train_dice": 0.9434229135513306,
            "train_dices_per_class": {
                "Trapezium": 0.946986198425293,
                "Trapezoid": 0.9170070886611938,
                "Capitate": 0.9624508619308472,
                "Hamate": 0.9482277035713196,
                "Scaphoid": 0.9645897150039673,
                "Lunate": 0.9545513391494751,
                "Triquetrum": 0.9482824206352234,
                "Pisiform": 0.9052881002426147
            },
            "train_run_time": 49.35914754867554,
            "valid_loss": 0.019060591445304455,
            "valid_dice": 0.944242000579834,
            "valid_dices_per_class": {
                "Trapezium": 0.9481674432754517,
                "Trapezoid": 0.911590576171875,
                "Capitate": 0.9656985998153687,