name,max_train_dice,max_valid_dice,Time
upernet-convnext-small_cont_size_1024_cont_weight,0.9855429530143738,0.9715864658355713,4.838068904479344
mit-b2_cont_size_1024_cont_weight,0.9744595289230347,0.9712094068527222,1.568420916729503
upernet-convnext-small_weight_size_1024,0.9833246469497681,0.9707139134407043,9.922255873415203
mit-b2_size_1024,0.961658239364624,0.9634944796562195,3.1302412601311986
mit-b2_weight_size_1024,0.9614023566246033,0.9623141884803772,3.1347381316290956
mit-b2_1120,0.9512035846710205,0.9529457092285156,1.7578520438406207
mit-b2_weight,0.9518374800682068,0.9524123668670654,1.763339261478848
