{
    "epoch": {
        "1": {
            "train_loss": 0.11827027869876475,
            "train_dice": 0.9360159635543823,
            "train_dices_per_class": {
                "Radius": 0.9519447088241577,
                "Ulna": 0.9200871586799622
            },
            "train_run_time": 78.96162128448486,
            "valid_loss": 0.05215927450917661,
            "valid_dice": 0.9743086099624634,
            "valid_dices_per_class": {
                "Radius": 0.9727733731269836,
                "Ulna": 0.9758439064025879
            },
            "valid_run_time": 8.484757661819458
        },
        "2": {
            "train_loss": 0.02916704515228048,
            "train_dice": 0.9858708381652832,
            "train_dices_per_class": {
                "Radius": 0.9862052798271179,
                "Ulna": 0.9855364561080933
            },
            "train_run_time": 77.4707841873169,
            "valid_loss": 0.04043592605739832,
            "valid_dice": 0.9788275957107544,
            "valid_dices_per_class": {
                "Radius": 0.978791356086731,
                "Ulna": 0.9788638949394226
            },
            "valid_run_time": 8.42863154411316
        },
        "3": {
            "train_loss": 0.021982008626218887,
            "train_dice": 0.9868608117103577,
            "train_dices_per_class": {
                "Radius": 0.9870563745498657,
                "Ulna": 0.9866652488708496
            },
            "train_run_time": 77.85645055770874,
            "valid_loss": 0.03748357951408252,
            "valid_dice": 0.9774255752563477,
            "valid_dices_per_class": {
                "Radius": 0.9766971468925476,
                "Ulna": 0.9781540036201477
            },
            "valid_run_time": 8.447937965393066
        },
        "4": {
            "train_loss": 0.020851687141112053,
            "train_dice": 0.9856487512588501,
            "train_dices_per_class": {
                "Radius": 0.9865276217460632,
                "Ulna": 0.9847698211669922
            },
            "train_run_time": 77.95910382270813,
            "valid_loss": 0.035501205106265844,
            "valid_dice": 0.9803428649902344,
            "valid_dices_per_class": {
                "Radius": 0.9802448153495789,
                "Ulna": 0.9804409146308899
            },
            "valid_run_time": 8.429704666137695
        },
        "5": {
            "train_loss": 0.01664039357274305,
            "train_dice": 0.9877731204032898,
            "train_dices_per_class": {
                "Radius": 0.987963855266571,
                "Ulna": 0.9875823855400085
            },
            "train_run_time": 77.63009405136108,
            "valid_loss": 0.03175801439210772,
            "valid_dice": 0.9820444583892822,
            "valid_dices_per_class": {
                "Radius": 0.9827127456665039,
                "Ulna": 0.9813761711120605
            },
            "valid_run_time": 8.641783237457275
        },
        "6": {
            "train_loss": 0.014345958371995949,
            "train_dice": 0.9887842535972595,
            "train_dices_per_class": {
                "Radius": 0.989325225353241,
                "Ulna": 0.9882432818412781
            },
            "train_run_time": 78.03492999076843,
            "valid_loss": 0.0310804539360106,
            "valid_dice": 0.9821504354476929,
            "valid_dices_per_class": {
                "Radius": 0.9828983545303345,
                "Ulna": 0.981402575969696
            },
            "valid_run_time": 8.511477947235107
        },
        "7": {
            "train_loss": 0.013982862929697148,
            "train_dice": 0.9883280992507935,
            "train_dices_per_class": {
                "Radius": 0.9891476631164551,
                "Ulna": 0.9875084757804871
            },
            "train_run_time": 78.0371880531311,
            "valid_loss": 0.031395128776784985,
            "valid_dice": 0.9823545217514038,
            "valid_dices_per_class": {
                "Radius": 0.9830390810966492,
                "Ulna": 0.9816700220108032
            },
            "valid_run_time": 8.520402193069458
        },
        "8": {
            "train_loss": 0.01310894038178958,
            "train_dice": 0.9888807535171509,
            "train_dices_per_class": {
                "Radius": 0.9893497228622437,
                "Ulna": 0.9884117245674133
            },
            "train_run_time": 78.11315488815308,
            "valid_loss": 0.030299664416816086,
            "valid_dice": 0.9830763339996338,
            "valid_dices_per_class": {
                "Radius": 0.9836763143539429,
                "Ulna": 0.9824763536453247
            },
            "valid_run_time": 8.80009913444519
        },
        "9": {
            "train_loss": 0.012201659780112095,
            "train_dice": 0.9893521070480347,
            "train_dices_per_class": {
                "Radius": 0.9900704622268677,
                "Ulna": 0.9886337518692017
            },
            "train_run_time": 77.76757407188416,
            "valid_loss": 0.02995072896592319,
            "valid_dice": 0.9831029176712036,
            "valid_dices_per_class": {
                "Radius": 0.9837730526924133,
                "Ulna": 0.9824327230453491
            },
            "valid_run_time": 8.424399137496948
        },
        "10": {
            "train_loss": 0.012257079052506014,
            "train_dice": 0.9891143441200256,
            "train_dices_per_class": {
                "Radius": 0.989985466003418,
                "Ulna": 0.9882432222366333
            },
            "train_run_time": 77.78559041023254,
            "valid_loss": 0.03126087120035663,
            "valid_dice": 0.9812873601913452,
            "valid_dices_per_class": {
                "Radius": 0.981914222240448,
                "Ulna": 0.9806604385375977
            },
            "valid_run_time": 8.470075368881226
        },
        "11": {
            "train_loss": 0.011584937490988522,
            "train_dice": 0.9895262718200684,
            "train_dices_per_class": {
                "Radius": 0.9901711344718933,
                "Ulna": 0.9888814687728882
            },
            "train_run_time": 78.12423539161682,
            "valid_loss": 0.03143278714851476,
            "valid_dice": 0.9813721776008606,
            "valid_dices_per_class": {
                "Radius": 0.982251763343811,
                "Ulna": 0.9804925918579102
            },
            "valid_run_time": 8.899009704589844
        },
        "12": {
            "train_loss": 0.011067746041226201,
            "train_dice": 0.9897682666778564,
            "train_dices_per_class": {
                "Radius": 0.9904624819755554,
                "Ulna": 0.9890741109848022
            },
            "train_run_time": 77.9169647693634,
            "valid_loss": 0.03153920056065544,
            "valid_dice": 0.9814760684967041,
            "valid_dices_per_class": {
                "Radius": 0.9818490743637085,
                "Ulna": 0.9811031222343445
            },
            "valid_run_time": 8.547518014907837
        },
        "13": {
            "train_loss": 0.010796180156467017,
            "train_dice": 0.9898501634597778,
            "train_dices_per_class": {
                "Radius": 0.9906023144721985,
                "Ulna": 0.9890979528427124
            },
            "train_run_time": 77.77162599563599,
            "valid_loss": 0.03189832980860956,
            "valid_dice": 0.9814435243606567,
            "valid_dices_per_class": {
                "Radius": 0.9818296432495117,
                "Ulna": 0.9810574650764465
            },
            "valid_run_time": 8.524287939071655
        },
        "14": {
            "train_loss": 0.010574136447394267,
            "train_dice": 0.9899191856384277,
            "train_dices_per_class": {
                "Radius": 0.9907190203666687,