{
    "epoch": {
        "1": {
            "train_loss": 0.28648898319806904,
            "train_dice": 0.024352923035621643,
            "train_dices_per_class": {
                "finger-1": 0.03107432648539543,
                "finger-2": 0.01275303028523922,
                "finger-3": 0.15347883105278015,
                "finger-4": 0.017123501747846603,
                "finger-5": 0.004762851633131504,
                "finger-6": 0.01181832980364561,
                "finger-7": 0.04387691617012024,
                "finger-8": 0.02393709123134613,
                "finger-9": 0.0073238881304860115,
                "finger-10": 0.011555837467312813,
                "finger-11": 0.058923739939928055,
                "finger-12": 0.009207481518387794,
                "finger-13": 0.005965400952845812,
                "finger-14": 0.006527694407850504,
                "finger-15": 0.02493690513074398,
                "finger-16": 0.0038905739784240723,
                "finger-17": 0.008548098616302013,
                "finger-18": 0.008543005213141441,
                "finger-19": 0.01845807023346424
            },
            "train_run_time": 104.95605826377869,
            "valid_loss": 0.12477460838854312,
            "valid_dice": 0.03471898287534714,
            "valid_dices_per_class": {
                "finger-1": 7.008802782593193e-08,
                "finger-2": 3.377933310844128e-08,
                "finger-3": 0.2768884301185608,
                "finger-4": 1.1153203161029523e-07,
                "finger-5": 5.683748582896442e-08,
                "finger-6": 2.575182023178968e-08,
                "finger-7": 0.16215255856513977,
                "finger-8": 9.6539835681142e-08,
                "finger-9": 4.496029148981506e-08,
                "finger-10": 2.310447300146734e-08,
                "finger-11": 0.2088478058576584,
                "finger-12": 9.7573398250006e-08,
                "finger-13": 5.072927322657961e-08,
                "finger-14": 2.734922155411823e-08,
                "finger-15": 0.011770898476243019,
                "finger-16": 1.4048592333892884e-07,
                "finger-17": 8.779348092957662e-08,
                "finger-18": 3.8710972205535654e-08,
                "finger-19": 2.2610525007848992e-08
            },
            "valid_run_time": 21.83385705947876
        }
    }
}