{
    "epoch": {
        "1": {
            "train_loss": 0.2942583100870252,
            "train_dice": 0.051678385585546494,
            "train_dices_per_class": {
                "finger-1": 0.0011393086751922965,
                "finger-2": 0.01078465674072504,
                "finger-3": 0.04206075146794319,
                "finger-4": 0.0009400754352100194,
                "finger-5": 0.0017428339924663305,
                "finger-6": 0.012220327742397785,
                "finger-7": 0.02434557117521763,
                "finger-8": 0.00046254773042164743,
                "finger-9": 0.003886227263137698,
                "finger-10": 0.01206527091562748,
                "finger-11": 0.07166901230812073,
                "finger-12": 0.0005139025743119419,
                "finger-13": 0.0008105642045848072,
                "finger-14": 0.007529902271926403,
                "finger-15": 0.06278400123119354,
                "finger-16": 0.0007764747133478522,
                "finger-17": 0.0013201602268964052,
                "finger-18": 0.0015546588692814112,
                "finger-19": 0.025920096784830093,
                "Trapezium": 0.00897215399891138,
                "Trapezoid": 0.01892704702913761,
                "Capitate": 0.2687723636627197,
                "Hamate": 0.04538946598768234,
                "Scaphoid": 0.04309859499335289,
                "Lunate": 0.039235055446624756,
                "Triquetrum": 0.0010982509702444077,
                "Pisiform": 0.0008187879575416446,
                "Radius": 0.6523196697235107,
                "Ulna": 0.13751542568206787
            },
            "valid_loss": 0.09373381324112415,
            "valid_dice": 0.047337718307971954,
            "valid_dices_per_class": {
                "finger-1": 2.043026370301959e-07,
                "finger-2": 9.819147805956163e-08,
                "finger-3": 5.991303453356522e-08,
                "finger-4": 3.243338255742856e-07,
                "finger-5": 1.647195801979251e-07,
                "finger-6": 7.464822004976668e-08,
                "finger-7": 4.55239401730978e-08,
                "finger-8": 2.8051536560269597e-07,
                "finger-9": 1.3039253587976418e-07,
                "finger-10": 6.70205935193735e-08,
                "finger-11": 4.9926569545277744e-08,
                "finger-12": 2.841372008788312e-07,
                "finger-13": 1.4722670016453776e-07,
                "finger-14": 7.931056700272165e-08,
                "finger-15": 6.719106693253707e-08,
                "finger-16": 4.100152182218153e-07,
                "finger-17": 2.553777562752657e-07,
                "finger-18": 1.1238781638667206e-07,
                "finger-19": 6.545965192117364e-08,
                "Trapezium": 1.7130761875705502e-07,
                "Trapezoid": 2.8565469278873934e-07,
                "Capitate": 0.576860785484314,
                "Hamate": 1.4391793001777842e-07,
                "Scaphoid": 1.5433921873864165e-07,
                "Lunate": 1.91980717545448e-07,
                "Triquetrum": 2.245976418180362e-07,
                "Pisiform": 3.7082594417370274e-07,
                "Radius": 0.7956569194793701,
                "Ulna": 0.0002715439477469772
            }
        },
        "2": {
            "train_loss": 0.07091759834438563,
            "train_dice": 0.049335334450006485,
            "train_dices_per_class": {
                "finger-1": 2.0414786661149265e-07,
                "finger-2": 9.884236362722731e-08,
                "finger-3": 0.04127741605043411,
                "finger-4": 3.203350331659749e-07,
                "finger-5": 1.6432281313427666e-07,
                "finger-6": 7.490121589626142e-08,
                "finger-7": 2.561436303949449e-06,
                "finger-8": 2.769586728845752e-07,
                "finger-9": 1.2915083402731398e-07,
                "finger-10": 6.730978441282787e-08,
                "finger-11": 0.024601910263299942,
                "finger-12": 2.812798811646644e-07,
                "finger-13": 1.4636125911238196e-07,
                "finger-14": 7.946795221869252e-08,
                "finger-15": 0.0011118263937532902,
                "finger-16": 4.0862269656827266e-07,
                "finger-17": 2.55451141129015e-07,
                "finger-18": 1.1343538375285789e-07,
                "finger-19": 6.560503607033752e-08,
                "Trapezium": 1.7097198679039138e-07,
                "Trapezoid": 2.796679154926096e-07,
                "Capitate": 0.29157623648643494,
                "Hamate": 1.0981107152474578e-05,
                "Scaphoid": 0.0017359666526317596,
                "Lunate": 0.0006714431801810861,
                "Triquetrum": 2.2387852993688284e-07,
                "Pisiform": 3.836497057818633e-07,
                "Radius": 0.8316362500190735,
                "Ulna": 0.23809656500816345
            },
            "valid_loss": 0.04687805604189634,
            "valid_dice": 0.10403763502836227,
            "valid_dices_per_class": {
                "finger-1": 2.043026370301959e-07,
                "finger-2": 9.819147805956163e-08,
                "finger-3": 0.4128519892692566,
                "finger-4": 3.243338255742856e-07,
                "finger-5": 1.647195801979251e-07,
                "finger-6": 7.464822004976668e-08,
                "finger-7": 0.00013811085955239832,
                "finger-8": 2.8051536560269597e-07,
                "finger-9": 1.3039253587976418e-07,
                "finger-10": 6.70205935193735e-08,
                "finger-11": 0.26741570234298706,
                "finger-12": 2.841372008788312e-07,
                "finger-13": 1.4722670016453776e-07,
                "finger-14": 7.931056700272165e-08,
                "finger-15": 0.004071533214300871,
                "finger-16": 4.100152182218153e-07,
                "finger-17": 2.553777562752657e-07,
                "finger-18": 1.1238781638667206e-07,
                "finger-19": 6.545965192117364e-08,
                "Trapezium": 1.7130761875705502e-07,
                "Trapezoid": 2.8565469278873934e-07,
                "Capitate": 0.6260794997215271,
                "Hamate": 1.4391793001777842e-07,
                "Scaphoid": 0.0009158911416307092,
                "Lunate": 1.91980717545448e-07,
                "Triquetrum": 2.245976418180362e-07,
                "Pisiform": 3.7082594417370274e-07,
                "Radius": 0.9255172610282898,
                "Ulna": 0.7800976634025574
            }
        }
    }
}