{
    "epoch": {
        "1": {
            "train_loss": 1.7772782865911723,
            "train_dice": 0.03141038864850998,
            "train_dices_per_class": {
                "finger-1": 0.0842318907380104,
                "finger-2": 0.02372904121875763,
                "finger-3": 0.027395224198698997,
                "finger-4": 0.016177287325263023,
                "finger-5": 0.022197142243385315,
                "finger-6": 0.04094734787940979,
                "finger-7": 0.038604892790317535,
                "finger-8": 0.03661557286977768,
                "finger-9": 0.02411367930471897,
                "finger-10": 0.0012222330551594496,
                "finger-11": 0.02819063700735569,
                "finger-12": 0.020370138809084892,
                "finger-13": 0.0058405278250575066,
                "finger-14": 0.0127097237855196,
                "finger-15": 0.024642296135425568,
                "finger-16": 0.0027772956527769566,
                "finger-17": 0.0003912325482815504,
                "finger-18": 0.018385037779808044,
                "finger-19": 0.015513899736106396,
                "Trapezium": 0.0005713223363272846,
                "Trapezoid": 0.008867929689586163,
                "Capitate": 0.06022592633962631,
                "Hamate": 0.05648711323738098,
                "Scaphoid": 0.03174164891242981,
                "Lunate": 0.05470482259988785,
                "Triquetrum": 0.008173749782145023,
                "Pisiform": 0.014904876239597797,
                "Radius": 0.1282709389925003,
                "Ulna": 0.10289788246154785
            },
            "train_run_time": 309.69279885292053,
            "valid_loss": 0.5978603981435299,
            "valid_dice": 3.9907693150098567e-08,
            "valid_dices_per_class": {
                "finger-1": 5.102548428226328e-08,
                "finger-2": 2.4547613719505534e-08,
                "finger-3": 1.4978059681425293e-08,
                "finger-4": 8.104187543267471e-08,
                "finger-5": 4.120134988738755e-08,
                "finger-6": 1.8659793710185113e-08,
                "finger-7": 1.1383794351615961e-08,
                "finger-8": 7.022127590516902e-08,
                "finger-9": 3.262675818405114e-08,
                "finger-10": 1.674717431399131e-08,
                "finger-11": 1.2485671163631196e-08,
                "finger-12": 7.105578703203719e-08,
                "finger-13": 3.6815961834690825e-08,
                "finger-14": 1.982590447369148e-08,
                "finger-15": 1.680068706377824e-08,
                "finger-16": 1.0252531268406528e-07,
                "finger-17": 6.386981965533778e-08,
                "finger-18": 2.8080956226972376e-08,
                "finger-19": 1.6365909516480315e-08,
                "Trapezium": 4.280520826682732e-08,
                "Trapezoid": 7.141693458834197e-08,
                "Capitate": 2.593642633996751e-08,
                "Hamate": 3.598025699602658e-08,
                "Scaphoid": 3.85689027382341e-08,
                "Lunate": 4.799490938012241e-08,
                "Triquetrum": 5.617233256316467e-08,
                "Pisiform": 9.268484291169443e-08,
                "Radius": 5.2941144801366136e-09,
                "Ulna": 1.0210030154667038e-08
            },
            "valid_run_time": 52.93627047538757
        }
    }
}