{
    "epoch": {
        "1": {
            "train_loss": 0.271245261025615,
            "train_dice": 0.7296883463859558,
            "train_dices_per_class": {
                "Trapezium": 0.7415773272514343,
                "Trapezoid": 0.518799901008606,
                "Capitate": 0.8316431045532227,
                "Hamate": 0.7946889400482178,
                "Scaphoid": 0.8116230964660645,
                "Lunate": 0.7310802936553955,
                "Triquetrum": 0.7057899236679077,
                "Pisiform": 0.7023037075996399
            },
            "train_run_time": 68.89597535133362,
            "valid_loss": 0.09277295796200632,
            "valid_dice": 0.9004996418952942,
            "valid_dices_per_class": {
                "Trapezium": 0.91387540102005,
                "Trapezoid": 0.8629105687141418,
                "Capitate": 0.9359570741653442,
                "Hamate": 0.9252709150314331,
                "Scaphoid": 0.9404233694076538,
                "Lunate": 0.9288355708122253,
                "Triquetrum": 0.9109721183776855,
                "Pisiform": 0.7857521772384644
            },
            "valid_run_time": 7.828224420547485
        },
        "2": {
            "train_loss": 0.06473197058076038,
            "train_dice": 0.9171778559684753,
            "train_dices_per_class": {
                "Trapezium": 0.9245979189872742,
                "Trapezoid": 0.880040168762207,
                "Capitate": 0.9459612965583801,
                "Hamate": 0.9339005351066589,
                "Scaphoid": 0.9492500424385071,
                "Lunate": 0.9392513036727905,
                "Triquetrum": 0.9283515214920044,
                "Pisiform": 0.8360699415206909
            },
            "train_run_time": 68.5019884109497,
            "valid_loss": 0.04789520134218037,
            "valid_dice": 0.9229482412338257,
            "valid_dices_per_class": {
                "Trapezium": 0.9327629804611206,
                "Trapezoid": 0.8938315510749817,
                "Capitate": 0.9515701532363892,
                "Hamate": 0.9385929107666016,
                "Scaphoid": 0.9549916982650757,
                "Lunate": 0.943750262260437,
                "Triquetrum": 0.9294722676277161,
                "Pisiform": 0.8386133909225464
            },
            "valid_run_time": 7.731905937194824
        },
        "3": {
            "train_loss": 0.03895382307237014,
            "train_dice": 0.9355455636978149,
            "train_dices_per_class": {
                "Trapezium": 0.9384723901748657,
                "Trapezoid": 0.9037315249443054,
                "Capitate": 0.9558426141738892,
                "Hamate": 0.9437597990036011,
                "Scaphoid": 0.959895133972168,
                "Lunate": 0.950336754322052,
                "Triquetrum": 0.9446210861206055,
                "Pisiform": 0.8877050280570984
            },
            "train_run_time": 68.57114481925964,
            "valid_loss": 0.03356384753715247,
            "valid_dice": 0.936669647693634,
            "valid_dices_per_class": {
                "Trapezium": 0.9428757429122925,
                "Trapezoid": 0.9043219685554504,
                "Capitate": 0.9588683247566223,
                "Hamate": 0.9461139440536499,
                "Scaphoid": 0.9628698229789734,
                "Lunate": 0.9470607042312622,
                "Triquetrum": 0.9425817728042603,
                "Pisiform": 0.8886650204658508
            },
            "valid_run_time": 7.551973581314087
        },
        "4": {
            "train_loss": 0.028994814801262692,
            "train_dice": 0.9422116875648499,
            "train_dices_per_class": {
                "Trapezium": 0.9436505436897278,
                "Trapezoid": 0.9102559089660645,
                "Capitate": 0.9608005285263062,
                "Hamate": 0.9486425518989563,
                "Scaphoid": 0.9648397564888,
                "Lunate": 0.9555588960647583,
                "Triquetrum": 0.9508463144302368,
                "Pisiform": 0.903099536895752
            },
            "train_run_time": 68.02627944946289,
            "valid_loss": 0.02756000841036439,
            "valid_dice": 0.9391135573387146,
            "valid_dices_per_class": {
                "Trapezium": 0.9456186294555664,
                "Trapezoid": 0.9042830467224121,
                "Capitate": 0.9574405550956726,
                "Hamate": 0.9431767463684082,
                "Scaphoid": 0.964062511920929,
                "Lunate": 0.9560825228691101,
                "Triquetrum": 0.9430186152458191,
                "Pisiform": 0.8992263674736023
            },
            "valid_run_time": 7.605235815048218
        },
        "5": {
            "train_loss": 0.02408825181191787,
            "train_dice": 0.9449325799942017,
            "train_dices_per_class": {
                "Trapezium": 0.946398913860321,
                "Trapezoid": 0.9160920977592468,
                "Capitate": 0.962732195854187,
                "Hamate": 0.94987952709198,
                "Scaphoid": 0.9668773412704468,
                "Lunate": 0.9581437110900879,
                "Triquetrum": 0.9526097178459167,
                "Pisiform": 0.9067274332046509
            },
            "train_run_time": 68.2397153377533,
            "valid_loss": 0.024000561656430365,
            "valid_dice": 0.9409846663475037,
            "valid_dices_per_class": {
                "Trapezium": 0.946843147277832,
                "Trapezoid": 0.9143118858337402,
                "Capitate": 0.9622586965560913,
                "Hamate": 0.9510982632637024,
                "Scaphoid": 0.9655917882919312,
                "Lunate": 0.9569131731987,
                "Triquetrum": 0.9458674192428589,
                "Pisiform": 0.8849930763244629
            },
            "valid_run_time": 7.528266191482544
        },
        "6": {
            "train_loss": 0.021012264350429178,
            "train_dice": 0.9476541876792908,
            "train_dices_per_class": {
                "Trapezium": 0.9488407969474792,
                "Trapezoid": 0.9195273518562317,
                "Capitate": 0.9645509719848633,
                "Hamate": 0.9526330828666687,
                "Scaphoid": 0.9685916900634766,
                "Lunate": 0.9598654508590698,
                "Triquetrum": 0.9543118476867676,
                "Pisiform": 0.9129121899604797
            },
            "train_run_time": 68.28955316543579,
            "valid_loss": 0.021258358540944756,
            "valid_dice": 0.9437106251716614,
            "valid_dices_per_class": {
                "Trapezium": 0.9497860074043274,
                "Trapezoid": 0.9143531918525696,
                "Capitate": 0.9617277979850769,
                "Hamate": 0.9521223306655884,
                "Scaphoid": 0.9662288427352905,
                "Lunate": 0.9584182500839233,
                "Triquetrum": 0.94586580991745,
                "Pisiform": 0.9011825323104858
            },
            "valid_run_time": 7.629181623458862
        },
        "7": {
            "train_loss": 0.018944664948503488,
            "train_dice": 0.9491184949874878,
            "train_dices_per_class": {
                "Trapezium": 0.9507721066474915,
                "Trapezoid": 0.9225978851318359,
                "Capitate": 0.9660183191299438,
                "Hamate": 0.9537388682365417,
                "Scaphoid": 0.9695110321044922,
                "Lunate": 0.9604767560958862,
                "Triquetrum": 0.9554924964904785,
                "Pisiform": 0.9143403768539429
            },
            "train_run_time": 68.59637498855591,
            "valid_loss": 0.01933221265207976,
            "valid_dice": 0.9440628290176392,
            "valid_dices_per_class": {
                "Trapezium": 0.9494393467903137,
                "Trapezoid": 0.9147359728813171,
                "Capitate": 0.9627865552902222,